ticker,name,type,dividends,currency,isin,api_source,active,start_date,end_date,notes
AAPL,APPLE,us stock,Y,USD,-,yfinance,Y,01/12/2024,31/12/2024,Test data
GOOG,GOOGLE,us stock,Y,USD,-,yfinance,Y,02/12/2024,01/01/2025,Test data
HLMA.L,HALMA PLC ORD 10P,uk stock,Y,GBX,,yfinance,Y,,,LSE : FTSE All-Share
ITV.L,ITV PLC ORD 10P,uk stock,Y,GBX,,yfinance,Y,,,LSE : FTSE All-Share
PAY.L,PAYPOINT PLC ORD 1/3P,uk stock,Y,GBX,,yfinance,Y,,,LSE : FTSE All-Share
TPT.L,TOPPS TILES PLC ORD 3 1/3P,uk stock,Y,GBX,,yfinance,Y,,,LSE : FTSE All-Share
SSIT.L,SERAPHIM SPACE INVESTMENT TRUST PLC ORD GBP0.01,uk stock,Y,GBX,,yfinance,Y,,,LSE : FTSE All-Share
ITH.L,ITHACA ENERGY PLC ORD 1P,uk stock,Y,GBX,,yfinance,Y,,,LSE : FTSE All-Share
PINT.L,PANTHEON INFRASTRUCTURE PLC ORD GBP0.01,uk stock,Y,GBX,,yfinance,Y,,,LSE : FTSE All-Share
SMWH.L,WH SMITH PLC ORD 22 6/67P,uk stock,Y,GBX,,yfinance,Y,,,LSE : FTSE All-Share
CMCX.L,CMC MARKETS PLC ORD 25P,uk stock,Y,GBX,,yfinance,Y,,,LSE : FTSE All-Share
BT-A.L,BT GROUP PLC ORD 5P,uk stock,Y,GBX,,yfinance,Y,,,LSE : FTSE All-Share
ENQ.L,ENQUEST PLC ORD 5P,uk stock,Y,GBX,,yfinance,Y,,,LSE : FTSE All-Share
TSCO.L,TESCO PLC ORD 6 1/3P,uk stock,Y,GBX,,yfinance,Y,,,LSE : FTSE All-Share
GPE.L,GREAT PORTLAND ESTATES PLC ORD 15 5/19P,uk stock,Y,GBX,,yfinance,Y,,,LSE : FTSE All-Share
BRBY.L,BURBERRY GROUP PLC ORD 0.05P,uk stock,Y,GBX,,yfinance,Y,,,LSE : FTSE All-Share
CRST.L,CREST NICHOLSON HOLDINGS PLC ORD 5P,uk stock,Y,GBX,,yfinance,Y,,,LSE : FTSE All-Share
FGP.L,FIRSTGROUP PLC ORD 5P,uk stock,Y,GBX,,yfinance,Y,,,LSE : FTSE All-Share
EDV.L,ENDEAVOUR MINING PLC ORD USD0.01,uk stock,Y,GBX,,yfinance,Y,,,LSE : FTSE All-Share
HIK.L,HIKMA PHARMACEUTICALS PLC ORD SHS 10P,uk stock,Y,GBX,,yfinance,Y,,,LSE : FTSE All-Share
MTO.L,MITIE GROUP PLC ORD 2.5P,uk stock,Y,GBX,,yfinance,Y,,,LSE : FTSE All-Share
BCG.L,BALTIC CLASSIFIEDS GROUP PLC ORD GBP0.01,uk stock,Y,GBX,,yfinance,Y,,,LSE : FTSE All-Share
GSK.L,GSK PLC ORD 31 1/4P,uk stock,Y,GBX,,yfinance,Y,,,LSE : FTSE All-Share
SREI.L,SCHRODER REAL ESTATE INV. TST. LD ORD SHS NPV,uk stock,Y,GBX,,yfinance,Y,,,LSE : FTSE All-Share
KIE.L,KIER GROUP PLC ORD 1P,uk stock,Y,GBX,,yfinance,Y,,,LSE : FTSE All-Share
BYG.L,BIG YELLOW GROUP PLC ORD 10P,uk stock,Y,GBX,,yfinance,Y,,,LSE : FTSE All-Share
IGG.L,IG GROUP HOLDINGS PLC ORD 0.005P,uk stock,Y,GBX,,yfinance,Y,,,LSE : FTSE All-Share
KLR.L,KELLER GROUP PLC ORD 10P,uk stock,Y,GBX,,yfinance,Y,,,LSE : FTSE All-Share
MCT.L,MIDDLEFIELD CANADIAN INC PCC RED PART PREF SHS NPV,uk stock,Y,GBX,,yfinance,Y,,,LSE : FTSE All-Share
VOD.L,VODAFONE GROUP PLC ORD USD0.20 20/21,uk stock,Y,GBX,,yfinance,Y,,,LSE : FTSE All-Share
KGF.L,KINGFISHER PLC ORD 15 5/7P,uk stock,Y,GBX,,yfinance,Y,,,LSE : FTSE All-Share
OXB.L,OXFORD BIOMEDICA PLC ORD 50P,uk stock,Y,GBX,,yfinance,Y,,,LSE : FTSE All-Share
BBY.L,BALFOUR BEATTY PLC ORD 50P,uk stock,Y,GBX,,yfinance,Y,,,LSE : FTSE All-Share
MKS.L,MARKS & SPENCER GROUP PLC ORD 1P,uk stock,Y,GBX,,yfinance,Y,,,LSE : FTSE All-Share
SNWS.L,SMITHS NEWS PLC ORD 5P,uk stock,Y,GBX,,yfinance,Y,,,LSE : FTSE All-Share
GAW.L,GAMES WORKSHOP GROUP PLC ORD 5P,uk stock,Y,GBX,,yfinance,Y,,,LSE : FTSE All-Share
BP.L,BP PLC $0.25,uk stock,Y,GBX,,yfinance,Y,,,LSE : FTSE All-Share
PNN.L,PENNON GROUP PLC ORD 61 1/20P,uk stock,Y,GBX,,yfinance,Y,,,LSE : FTSE All-Share
FRES.L,FRESNILLO PLC ORD USD0.50,uk stock,Y,GBX,,yfinance,Y,,,LSE : FTSE All-Share
SBRY.L,SAINSBURY(J) PLC ORD 28 4/7P,uk stock,Y,GBX,,yfinance,Y,,,LSE : FTSE All-Share
TEP.L,TELECOM PLUS PLC ORD 5P,uk stock,Y,GBX,,yfinance,Y,,,LSE : FTSE All-Share
NCYF.L,CQS NEW CITY HIGH YIELD FUND LD ORD NPV,uk stock,Y,GBX,,yfinance,Y,,,LSE : FTSE All-Share
SGRO.L,SEGRO PLC ORD 10P,uk stock,Y,GBX,,yfinance,Y,,,LSE : FTSE All-Share
BLND.L,BRITISH LAND CO PLC ORD 25P,uk stock,Y,GBX,,yfinance,Y,,,LSE : FTSE All-Share
PLUS.L,PLUS500 LTD ORD ILS0.01 (DI),uk stock,Y,GBX,,yfinance,Y,,,LSE : FTSE All-Share
SHEL.L,SHELL PLC ORD EUR0.07,uk stock,Y,GBX,,yfinance,Y,,,LSE : FTSE All-Share
AUTO.L,AUTO TRADER GROUP PLC ORD 1P,uk stock,Y,GBX,,yfinance,Y,,,LSE : FTSE All-Share
OCDO.L,OCADO GROUP PLC ORD 2P,uk stock,Y,GBX,,yfinance,Y,,,LSE : FTSE All-Share
BBOX.L,TRITAX BIG BOX REIT PLC ORD 1P,uk stock,Y,GBX,,yfinance,Y,,,LSE : FTSE All-Share
AFL.L,ARTEMIS UK FUTURE LEADERS PLC ORD 20P,uk stock,Y,GBX,,yfinance,Y,,,LSE : FTSE All-Share
REL.L,RELX PLC ORD 14 51/116P,uk stock,Y,GBX,,yfinance,Y,,,LSE : FTSE All-Share
SRP.L,SERCO GROUP PLC ORD 2P,uk stock,Y,GBX,,yfinance,Y,,,LSE : FTSE All-Share
NCC.L,NCC GROUP PLC ORD 1P,uk stock,Y,GBX,,yfinance,Y,,,LSE : FTSE All-Share
BNZL.L,BUNZL PLC ORD 32 1/7P,uk stock,Y,GBX,,yfinance,Y,,,LSE : FTSE All-Share
IMB.L,IMPERIAL BRANDS PLC ORD 10P,uk stock,Y,GBX,,yfinance,Y,,,LSE : FTSE All-Share
RMV.L,RIGHTMOVE PLC ORD 0.1P,uk stock,Y,GBX,,yfinance,Y,,,LSE : FTSE All-Share
NG.L,NATIONAL GRID PLC ORD 12 204/473P,uk stock,Y,GBX,,yfinance,Y,,,LSE : FTSE All-Share
SMIN.L,SMITHS GROUP PLC ORD 37.5P,uk stock,Y,GBX,,yfinance,Y,,,LSE : FTSE All-Share
IMI.L,IMI PLC ORD 28 4/7P,uk stock,Y,GBX,,yfinance,Y,,,LSE : FTSE All-Share
SVT.L,SEVERN TRENT PLC ORD 97 17/19P,uk stock,Y,GBX,,yfinance,Y,,,LSE : FTSE All-Share
BWY.L,BELLWAY PLC ORD 12.5P,uk stock,Y,GBX,,yfinance,Y,,,LSE : FTSE All-Share
UU.L,UNITED UTILITIES GROUP PLC ORD 5P,uk stock,Y,GBX,,yfinance,Y,,,LSE : FTSE All-Share
LLOY.L,LLOYDS BANKING GROUP PLC ORD 10P,uk stock,Y,GBX,,yfinance,Y,,,LSE : FTSE All-Share
THRL.L,TARGET HEALTHCARE REIT PLC ORD 1P,uk stock,Y,GBX,,yfinance,Y,,,LSE : FTSE All-Share
CWK.L,CRANSWICK PLC ORD 10P,uk stock,Y,GBX,,yfinance,Y,,,LSE : FTSE All-Share
OXIG.L,OXFORD INSTRUMENTS PLC ORD 5P,uk stock,Y,GBX,,yfinance,Y,,,LSE : FTSE All-Share
BA.L,BAE SYSTEMS PLC ORD 2.5P,uk stock,Y,GBX,,yfinance,Y,,,LSE : FTSE All-Share
SXS.L,SPECTRIS PLC ORD 5P,uk stock,Y,GBX,,yfinance,Y,,,LSE : FTSE All-Share
BKG.L,BERKELEY GROUP HOLDINGS (THE) PLC ORD 5.6110477936P,uk stock,Y,GBX,,yfinance,Y,,,LSE : FTSE All-Share
LTI.L,LINDSELL TRAIN INVESTMENT TRUST PLC ORD 75P,uk stock,Y,GBP,,yfinance,Y,,,LSE : FTSE All-Share
HAS.L,HAYS PLC ORD 1P,uk stock,Y,GBX,,yfinance,Y,,,LSE : FTSE All-Share
PHP.L,PRIMARY HEALTH PROPERTIES PLC ORD 12.5P,uk stock,Y,GBX,,yfinance,Y,,,LSE : FTSE All-Share
HMSO.L,HAMMERSON PLC ORD 5P,uk stock,Y,GBX,,yfinance,Y,,,LSE : FTSE All-Share
BTRW.L,BARRATT REDROW PLC ORD 10P,uk stock,Y,GBX,,yfinance,Y,,,LSE : FTSE All-Share
WIX.L,WICKES GROUP PLC ORD GBP0.10,uk stock,Y,GBX,,yfinance,Y,,,LSE : FTSE All-Share
VP.L,VP PLC ORD 5P,uk stock,Y,GBX,,yfinance,Y,,,LSE : FTSE All-Share
ABF.L,ASSOCIATED BRITISH FOODS PLC ORD 5 15/22P,uk stock,Y,GBX,,yfinance,Y,,,LSE : FTSE All-Share
SSE.L,SSE PLC ORD 50P,uk stock,Y,GBX,,yfinance,Y,,,LSE : FTSE All-Share
WPP.L,WPP PLC ORD 10P,uk stock,Y,GBX,,yfinance,Y,,,LSE : FTSE All-Share
CCH.L,COCA-COLA HBC AG ORD CHF6.70 (CDI),uk stock,Y,GBX,,yfinance,Y,,,LSE : FTSE All-Share
TRY.L,TR PROPERTY INV TST PLC ORD 25P,uk stock,Y,GBX,,yfinance,Y,,,LSE : FTSE All-Share
DCC.L,DCC PLC ORD EUR0.25 (CDI),uk stock,Y,GBX,,yfinance,Y,,,LSE : FTSE All-Share
AZN.L,ASTRAZENECA PLC ORD SHS $0.25,uk stock,Y,GBX,,yfinance,Y,,,LSE : FTSE All-Share
SHC.L,SHAFTESBURY CAPITAL PLC ORD 25P,uk stock,Y,GBX,,yfinance,Y,,,LSE : FTSE All-Share
STB.L,SECURE TRUST BANK PLC ORD 40P,uk stock,Y,GBX,,yfinance,Y,,,LSE : FTSE All-Share
CHG.L,CHEMRING GROUP PLC ORD 1P,uk stock,Y,GBX,,yfinance,Y,,,LSE : FTSE All-Share
RCP.L,RIT CAPITAL PARTNERS PLC ORD �1,uk stock,Y,GBX,,yfinance,Y,,,LSE : FTSE All-Share
FJV.L,FIDELITY JAPAN TRUST PLC ORD 25P,uk stock,Y,GBX,,yfinance,Y,,,LSE : FTSE All-Share
ULVR.L,UNILEVER PLC ORD 3 1/9P,uk stock,Y,GBX,,yfinance,Y,,,LSE : FTSE All-Share
SEQI.L,SEQUOIA ECONOMIC INFRASTRUCTURE INC ORD NPV,uk stock,Y,GBX,,yfinance,Y,,,LSE : FTSE All-Share
PFD.L,PREMIER FOODS PLC ORD 10P,uk stock,Y,GBX,,yfinance,Y,,,LSE : FTSE All-Share
RNK.L,RANK GROUP PLC ORD 13 8/9P,uk stock,Y,GBX,,yfinance,Y,,,LSE : FTSE All-Share
JFJ.L,JPMORGAN JAPANESE INV. TRUST PLC ORD 25P,uk stock,Y,GBX,,yfinance,Y,,,LSE : FTSE All-Share
SGE.L,THE SAGE GROUP PLC ORD 1 4/77P,uk stock,Y,GBX,,yfinance,Y,,,LSE : FTSE All-Share
NAIT.L,NORTH AMERICAN INCOME TST (THE) PLC ORD 5P,uk stock,Y,GBX,,yfinance,Y,,,LSE : FTSE All-Share
SYNC.L,SYNCONA LIMITED ORD NPV,uk stock,Y,GBX,,yfinance,Y,,,LSE : FTSE All-Share
ITRK.L,INTERTEK GROUP PLC ORD 1P,uk stock,Y,GBX,,yfinance,Y,,,LSE : FTSE All-Share
DLN.L,DERWENT LONDON PLC ORD 5P,uk stock,Y,GBX,,yfinance,Y,,,LSE : FTSE All-Share
GRG.L,GREGGS PLC ORD 2P,uk stock,Y,GBX,,yfinance,Y,,,LSE : FTSE All-Share
AAF.L,AIRTEL AFRICA PLC ORD USD0.50,uk stock,Y,GBX,,yfinance,Y,,,LSE : FTSE All-Share
ADIG.L,ABRDN DIVERSIFIED INCOME AND GROWTH ORD 1P,uk stock,Y,GBX,,yfinance,Y,,,LSE : FTSE All-Share
SCT.L,SOFTCAT PLC ORD �0.0005,uk stock,Y,GBX,,yfinance,Y,,,LSE : FTSE All-Share
UKW.L,GREENCOAT UK WIND PLC ORD 1P,uk stock,Y,GBX,,yfinance,Y,,,LSE : FTSE All-Share
UTG.L,UNITE GROUP PLC ORD 25P,uk stock,Y,GBX,,yfinance,Y,,,LSE : FTSE All-Share
LWDB.L,LAW DEBENTURE CORPORATION PLC ORD 5P,uk stock,Y,GBX,,yfinance,Y,,,LSE : FTSE All-Share
GYM.L,THE GYM GROUP PLC ORD 0.01P,uk stock,Y,GBX,,yfinance,Y,,,LSE : FTSE All-Share
TTG.L,TT ELECTRONICS PLC ORD 25P,uk stock,Y,GBX,,yfinance,Y,,,LSE : FTSE All-Share
PSN.L,PERSIMMON PLC ORD 10P,uk stock,Y,GBX,,yfinance,Y,,,LSE : FTSE All-Share
PNL.L,PERSONAL ASSETS TRUST PLC ORD GBP0.125,uk stock,Y,GBX,,yfinance,Y,,,LSE : FTSE All-Share
SHED.L,URBAN LOGISTICS REIT PLC ORD 1P,uk stock,Y,GBX,,yfinance,Y,,,LSE : FTSE All-Share
FCSS.L,FIDELITY CHINA SPEC. SITUATION PLC ORD 1P,uk stock,Y,GBX,,yfinance,Y,,,LSE : FTSE All-Share
DRX.L,DRAX GROUP PLC ORD 11 16/29P,uk stock,Y,GBX,,yfinance,Y,,,LSE : FTSE All-Share
RKT.L,RECKITT BENCKISER GROUP PLC ORD 10P,uk stock,Y,GBX,,yfinance,Y,,,LSE : FTSE All-Share
HFD.L,HALFORDS GROUP PLC ORD 1P,uk stock,Y,GBX,,yfinance,Y,,,LSE : FTSE All-Share
MUT.L,MURRAY INCOME TRUST PLC ORD 25P,uk stock,Y,GBX,,yfinance,Y,,,LSE : FTSE All-Share
ASLI.L,ABRDN EUROPEAN LOGISTICS INCOME PLC ORD 1P,uk stock,Y,GBX,,yfinance,Y,,,LSE : FTSE All-Share
OCN.L,OCEAN WILSONS HOLDINGS LD ORD 20P,uk stock,Y,GBX,,yfinance,Y,,,LSE : FTSE All-Share
TMPL.L,TEMPLE BAR INV TST PLC ORD 5P,uk stock,Y,GBX,,yfinance,Y,,,LSE : FTSE All-Share
TMIP.L,TAYLOR MARITIME LIMITED ORD NPV,uk stock,Y,GBX,,yfinance,Y,,,LSE : FTSE All-Share
CNA.L,CENTRICA PLC ORD 6 14/81P,uk stock,Y,GBX,,yfinance,Y,,,LSE : FTSE All-Share
EXPN.L,EXPERIAN PLC ORD USD0.10,uk stock,Y,GBX,,yfinance,Y,,,LSE : FTSE All-Share
SFR.L,SEVERFIELD PLC ORD 2.5P,uk stock,Y,GBX,,yfinance,Y,,,LSE : FTSE All-Share
CLIG.L,CITY OF LONDON INVESTMENT GROUP PLC ORD 1P,uk stock,Y,GBX,,yfinance,Y,,,LSE : FTSE All-Share
ENRG.L,VH GLOBAL ENERGY INFRASTRUCTURE PLC ORD 1P,uk stock,Y,GBX,,yfinance,Y,,,LSE : FTSE All-Share
BATS.L,BRITISH AMERICAN TOBACCO PLC ORD 25P,uk stock,Y,GBX,,yfinance,Y,,,LSE : FTSE All-Share
AEI.L,ABRDN EQUITY INCOME TRUST PLC ORD 25P,uk stock,Y,GBX,,yfinance,Y,,,LSE : FTSE All-Share
SOHO.L,SOCIAL HOUSING REIT PLC ORD 1P,uk stock,Y,GBX,,yfinance,Y,,,LSE : FTSE All-Share
NXT.L,NEXT PLC ORD 10P,uk stock,Y,GBX,,yfinance,Y,,,LSE : FTSE All-Share
PAG.L,PARAGON BANKING GROUP PLC ORD 100P,uk stock,Y,GBX,,yfinance,Y,,,LSE : FTSE All-Share
BOY.L,BODYCOTE PLC ORD 17 3/11P,uk stock,Y,GBX,,yfinance,Y,,,LSE : FTSE All-Share
HBR.L,HARBOUR ENERGY PLC ORD 0.002P,uk stock,Y,GBX,,yfinance,Y,,,LSE : FTSE All-Share
TW.L,TAYLOR WIMPEY PLC ORD 1P,uk stock,Y,GBX,,yfinance,Y,,,LSE : FTSE All-Share
PRV.L,PORVAIR PLC ORD 2P,uk stock,Y,GBX,,yfinance,Y,,,LSE : FTSE All-Share
RAT.L,RATHBONES GROUP PLC ORD 5P,uk stock,Y,GBX,,yfinance,Y,,,LSE : FTSE All-Share
MNG.L,M&G PLC ORD �0.05,uk stock,Y,GBX,,yfinance,Y,,,LSE : FTSE All-Share
DORE.L,DOWNING RENEWABLES & INFRASTRUCTURE ORD GBP0.01,uk stock,Y,GBX,,yfinance,Y,,,LSE : FTSE All-Share
SMIF.L,TWENTYFOUR SELECT MONTHLY INCOME FD ORD 1P,uk stock,Y,GBX,,yfinance,Y,,,LSE : FTSE All-Share
HWDN.L,HOWDEN JOINERY GROUP PLC ORD 10P,uk stock,Y,GBX,,yfinance,Y,,,LSE : FTSE All-Share
PETS.L,PETS AT HOME GROUP PLC ORD 1P,uk stock,Y,GBX,,yfinance,Y,,,LSE : FTSE All-Share
GNS.L,GENUS PLC ORD 10P,uk stock,Y,GBX,,yfinance,Y,,,LSE : FTSE All-Share
MOON.L,MOONPIG GROUP PLC ORD 10P,uk stock,Y,GBX,,yfinance,Y,,,LSE : FTSE All-Share
LMP.L,LONDONMETRIC PROPERTY PLC ORD 10P,uk stock,Y,GBX,,yfinance,Y,,,LSE : FTSE All-Share
BMY.L,BLOOMSBURY PUBLISHING PLC ORD 1.25P,uk stock,Y,GBX,,yfinance,Y,,,LSE : FTSE All-Share
CPI.L,CAPITA PLC ORD 31P,uk stock,Y,GBX,,yfinance,Y,,,LSE : FTSE All-Share
CHRY.L,CHRYSALIS INVESTMENTS LIMITED ORD NPV,uk stock,Y,GBX,,yfinance,Y,,,LSE : FTSE All-Share
VEIL.L,VIETNAM ENTERPRISE INVESTMENTS LIMI ORD USD0.01 (DI),uk stock,Y,GBX,,yfinance,Y,,,LSE : FTSE All-Share
DGE.L,DIAGEO PLC ORD 28 101/108P,uk stock,Y,GBX,,yfinance,Y,,,LSE : FTSE All-Share
MRCH.L,MERCHANTS TRUST PLC ORD 25P,uk stock,Y,GBX,,yfinance,Y,,,LSE : FTSE All-Share
APAX.L,APAX GLOBAL ALPHA LIMITED ORD NPV,uk stock,Y,GBX,,yfinance,Y,,,LSE : FTSE All-Share
DPLM.L,DIPLOMA PLC ORD 5P,uk stock,Y,GBX,,yfinance,Y,,,LSE : FTSE All-Share
BRFI.L,BLACKROCK FR ORD USD0.01,uk stock,Y,GBX,,yfinance,Y,,,LSE : FTSE All-Share
BAG.L,BARR(A.G.) PLC ORD 4 1/6P,uk stock,Y,GBX,,yfinance,Y,,,LSE : FTSE All-Share
RCH.L,REACH PLC ORD 10P,uk stock,Y,GBX,,yfinance,Y,,,LSE : FTSE All-Share
MGNS.L,MORGAN SINDALL GROUP PLC ORD 5P,uk stock,Y,GBX,,yfinance,Y,,,LSE : FTSE All-Share
ELM.L,ELEMENTIS PLC ORD 5P,uk stock,Y,GBX,,yfinance,Y,,,LSE : FTSE All-Share
FSFL.L,FORESIGHT SOLAR FUND LD ORD NPV,uk stock,Y,GBX,,yfinance,Y,,,LSE : FTSE All-Share
GFRD.L,GALLIFORD TRY HOLDINGS PLC ORD 50P,uk stock,Y,GBX,,yfinance,Y,,,LSE : FTSE All-Share
FEV.L,FIDELITY EUROPEAN TRUST PLC ORD 2.5P,uk stock,Y,GBX,,yfinance,Y,,,LSE : FTSE All-Share
HFG.L,HILTON FOOD GROUP PLC ORD 10P,uk stock,Y,GBX,,yfinance,Y,,,LSE : FTSE All-Share
CPG.L,COMPASS GROUP PLC ORD 11 1/20P,uk stock,Y,GBX,,yfinance,Y,,,LSE : FTSE All-Share
BSIF.L,BLUEFIELD SOLAR INCOME FUND LIMITED ORD NPV,uk stock,Y,GBX,,yfinance,Y,,,LSE : FTSE All-Share
AO.L,AO WORLD PLC ORD 0.25P,uk stock,Y,GBX,,yfinance,Y,,,LSE : FTSE All-Share
CURY.L,CURRYS PLC ORD 0.1P,uk stock,Y,GBX,,yfinance,Y,,,LSE : FTSE All-Share
ROR.L,ROTORK PLC ORD 0.5P,uk stock,Y,GBX,,yfinance,Y,,,LSE : FTSE All-Share
GFTU.L,GRAFTON GROUP PLC UT (1 ORD) (CDI),uk stock,Y,GBX,,yfinance,Y,,,LSE : FTSE All-Share
ROO.L,DELIVEROO PLC ORD 0.5P,uk stock,Y,GBX,,yfinance,Y,,,LSE : FTSE All-Share
N91.L,NINETY ONE PLC ORD �0.0001,uk stock,Y,GBX,,yfinance,Y,,,LSE : FTSE All-Share
WHR.L,WAREHOUSE REIT PLC ORD 1P,uk stock,Y,GBX,,yfinance,Y,,,LSE : FTSE All-Share
TPK.L,TRAVIS PERKINS PLC ORD �0.11205105,uk stock,Y,GBX,,yfinance,Y,,,LSE : FTSE All-Share
SSON.L,SMITHSON INVESTMENT TRUST PLC ORD 1P,uk stock,Y,GBX,,yfinance,Y,,,LSE : FTSE All-Share
SERE.L,SCHRODER EUROPEAN REIT PLC ORD GBP0.10,uk stock,Y,GBX,,yfinance,Y,,,LSE : FTSE All-Share
RWA.L,ROBERT WALTERS PLC ORD 20P,uk stock,Y,GBX,,yfinance,Y,,,LSE : FTSE All-Share
RGL.L,REGIONAL REIT LD ORD NPV,uk stock,Y,GBX,,yfinance,Y,,,LSE : FTSE All-Share
RESI.L,RESIDENTIAL SECURE INCOME PLC ORD GBP0.01,uk stock,Y,GBX,,yfinance,Y,,,LSE : FTSE All-Share
RECI.L,REAL ESTATE CREDIT INV. LD ORD NPV,uk stock,Y,GBX,,yfinance,Y,,,LSE : FTSE All-Share
PZC.L,PZ CUSSONS PLC ORD 1P,uk stock,Y,GBX,,yfinance,Y,,,LSE : FTSE All-Share
PINE.L,PINEWOOD TECHNOLOGIES GROUP PLC ORD GBP1.00,uk stock,Y,GBX,,yfinance,Y,,,LSE : FTSE All-Share
PHI.L,PACIFIC HORIZON INV TST PLC ORD 10P,uk stock,Y,GBX,,yfinance,Y,,,LSE : FTSE All-Share
PCGH.L,POLAR CAPITAL GLOBAL HEALTH.TST PLC ORD 25P,uk stock,Y,GBX,,yfinance,Y,,,LSE : FTSE All-Share
NAVF.L,NIPPON ACTIVE VALUE FUND PLC ORD �0.01,uk stock,Y,GBX,,yfinance,Y,,,LSE : FTSE All-Share
MGCI.L,M&G CREDIT INCOME INVESTMENT TRUST ORD 1P,uk stock,Y,GBX,,yfinance,Y,,,LSE : FTSE All-Share
MAJE.L,MAJEDIE INV PLC 10P,uk stock,Y,GBX,,yfinance,Y,,,LSE : FTSE All-Share
JEGI.L,JPMORGAN EUROPEAN GROWTH & INCOME ORD 0.5P,uk stock,Y,GBX,,yfinance,Y,,,LSE : FTSE All-Share
JCH.L,JPMORGAN CLAVERHOUSE IT PLC ORD 25P,uk stock,Y,GBX,,yfinance,Y,,,LSE : FTSE All-Share
HSW.L,HOSTELWORLD GROUP PLC ORD EUR0.01,uk stock,Y,GBX,,yfinance,Y,,,LSE : FTSE All-Share
HRI.L,HERALD INV TST PLC ORD 25P,uk stock,Y,GBX,,yfinance,Y,,,LSE : FTSE All-Share
GSCT.L,THE GLOBAL SMALLER CO'S TRUST PLC ORD 2.5P,uk stock,Y,GBX,,yfinance,Y,,,LSE : FTSE All-Share
GRI.L,GRAINGER PLC ORD 5P,uk stock,Y,GBX,,yfinance,Y,,,LSE : FTSE All-Share
FGEN.L,FORESIGHT ENVIRONMENTAL INFRASTRUCT ORD NPV,uk stock,Y,GBX,,yfinance,Y,,,LSE : FTSE All-Share
ESCT.L,THE EUROPEAN SMALLER CO'S TST PLC ORD 1.5625P,uk stock,Y,GBX,,yfinance,Y,,,LSE : FTSE All-Share
EDIN.L,EDINBURGH INV TST PLC ORD 25P,uk stock,Y,GBX,,yfinance,Y,,,LSE : FTSE All-Share
DLAR.L,DE LA RUE PLC ORD 44 152/175P,uk stock,Y,GBX,,yfinance,Y,,,LSE : FTSE All-Share
DIG.L,DUNEDIN INCOME GROWTH INV TST PLC ORD 25P,uk stock,Y,GBX,,yfinance,Y,,,LSE : FTSE All-Share
CCEP.L,COCA-COLA EUROPACIFIC PARTNERS PLC ORD EUR0.01 (DI),uk stock,Y,GBX,,yfinance,Y,,,LSE : FTSE All-Share
CARR.L,CARR'S GROUP PLC ORD 2.5P,uk stock,Y,GBX,,yfinance,Y,,,LSE : FTSE All-Share
CAPD.L,CAPITAL LD COMM SHS USD0.0001 (DI),uk stock,Y,GBX,,yfinance,Y,,,LSE : FTSE All-Share
BIPS.L,INVESCO BOND INCOME PLUS LIMITED ORD NPV,uk stock,Y,GBX,,yfinance,Y,,,LSE : FTSE All-Share
BGUK.L,BAILLIE GIFFORD UK GROWTH TRUST PLC ORD 25P,uk stock,Y,GBX,,yfinance,Y,,,LSE : FTSE All-Share
ARR.L,AURORA UK ALPHA PLC ORD 25P,uk stock,Y,GBX,,yfinance,Y,,,LSE : FTSE All-Share
AGR.L,ASSURA PLC ORD 10P,uk stock,Y,GBX,,yfinance,Y,,,LSE : FTSE All-Share
AAIF.L,ABERDEEN ASIAN INCOME FUND LIMITED ORD NPV,uk stock,Y,GBX,,yfinance,Y,,,LSE : FTSE All-Share
STJ.L,ST.JAMES'S PLACE PLC ORD 15P,uk stock,Y,GBX,,yfinance,Y,,,LSE : FTSE All-Share
HLN.L,HALEON PLC ORD GBP0.01,uk stock,Y,GBX,,yfinance,Y,,,LSE : FTSE All-Share
SN.L,SMITH & NEPHEW PLC ORD USD0.20,uk stock,Y,GBX,,yfinance,Y,,,LSE : FTSE All-Share
PSON.L,PEARSON PLC ORD 25P,uk stock,Y,GBX,,yfinance,Y,,,LSE : FTSE All-Share
JUP.L,JUPITER FUND MANAGEMENT PLC ORD 2P,uk stock,Y,GBX,,yfinance,Y,,,LSE : FTSE All-Share
HSL.L,HENDERSON SMALLER COS INV TST PLC ORD 25P,uk stock,Y,GBX,,yfinance,Y,,,LSE : FTSE All-Share
NWG.L,NATWEST GROUP PLC ORD 107.69P,uk stock,Y,GBX,,yfinance,Y,,,LSE : FTSE All-Share
SSPG.L,SSP GROUP PLC ORD 1 17/200P,uk stock,Y,GBX,,yfinance,Y,,,LSE : FTSE All-Share
SUPR.L,SUPERMARKET INCOME REIT PLC ORD GBP0.01,uk stock,Y,GBX,,yfinance,Y,,,LSE : FTSE All-Share
PCTN.L,PICTON PROPERTY INCOME LD ORD NPV,uk stock,Y,GBX,,yfinance,Y,,,LSE : FTSE All-Share
BHMG.L,BH MACRO LD ORD NPV (GBP),uk stock,Y,GBX,,yfinance,Y,,,LSE : FTSE All-Share
PAGE.L,PAGEGROUP PLC ORD 1P,uk stock,Y,GBX,,yfinance,Y,,,LSE : FTSE All-Share
SBRE.L,SABRE INSURANCE GROUP PLC ORD GBP0.001P,uk stock,Y,GBX,,yfinance,Y,,,LSE : FTSE All-Share
FOUR.L,4IMPRINT GROUP PLC ORD 38 6/13P,uk stock,Y,GBX,,yfinance,Y,,,LSE : FTSE All-Share
HTWS.L,HELIOS TOWERS PLC ORD 1P,uk stock,Y,GBX,,yfinance,Y,,,LSE : FTSE All-Share
BRGE.L,BLACKROCK GREATER EURO INV TST PLC ORD 0.1P,uk stock,Y,GBX,,yfinance,Y,,,LSE : FTSE All-Share
THRG.L,BLACKROCK THROGMORTON TRUST PLC ORD 5P,uk stock,Y,GBX,,yfinance,Y,,,LSE : FTSE All-Share
JEDT.L,JPMORGAN EURO DISCOVERY TRUST PLC ORD 5P,uk stock,Y,GBX,,yfinance,Y,,,LSE : FTSE All-Share
MONY.L,MONY GROUP PLC ORD 0.02P,uk stock,Y,GBX,,yfinance,Y,,,LSE : FTSE All-Share
BRWM.L,BLACKROCK WORLD MINING TRUST PLC ORD 5P,uk stock,Y,GBX,,yfinance,Y,,,LSE : FTSE All-Share
EVOK.L,EVOKE PLC ORD 0.5P (DI),uk stock,Y,GBX,,yfinance,Y,,,LSE : FTSE All-Share
HSBA.L,HSBC HLDGS PLC ORD $0.50 (UK REG),uk stock,Y,GBX,,yfinance,Y,,,LSE : FTSE All-Share
SAIN.L,SCOTTISH AMERICAN INV CO PLC ORD 25P,uk stock,Y,GBX,,yfinance,Y,,,LSE : FTSE All-Share
HGT.L,HG CAPITAL TRUST PLC ORD 2.5P,uk stock,Y,GBX,,yfinance,Y,,,LSE : FTSE All-Share
HET.L,HENDERSON EUROPEAN TRUST PLC ORD 5P,uk stock,Y,GBX,,yfinance,Y,,,LSE : FTSE All-Share
CARD.L,CARD FACTORY PLC ORD 1P,uk stock,Y,GBX,,yfinance,Y,,,LSE : FTSE All-Share
JCGI.L,JPMORGAN CHINA GROWTH & INCOME PLC ORD 25P,uk stock,Y,GBX,,yfinance,Y,,,LSE : FTSE All-Share
CGT.L,CAPITAL GEARING TRUST PLC ORD 25P,uk stock,Y,GBX,,yfinance,Y,,,LSE : FTSE All-Share
GNC.L,GREENCORE GROUP PLC ORD 1P (CDI),uk stock,Y,GBX,,yfinance,Y,,,LSE : FTSE All-Share
SAFE.L,SAFESTORE HOLDINGS PLC ORD 1P,uk stock,Y,GBX,,yfinance,Y,,,LSE : FTSE All-Share
BAKK.L,BAKKAVOR GROUP PLC ORD 2P,uk stock,Y,GBX,,yfinance,Y,,,LSE : FTSE All-Share
FDM.L,FDM GROUP (HOLDINGS) PLC ORD 1P,uk stock,Y,GBX,,yfinance,Y,,,LSE : FTSE All-Share
CCC.L,COMPUTACENTER PLC ORD 7 5/9P,uk stock,Y,GBX,,yfinance,Y,,,LSE : FTSE All-Share
POLN.L,POLLEN STREET GROUP LIMITED ORD GBP0.01,uk stock,Y,GBX,,yfinance,Y,,,LSE : FTSE All-Share
COA.L,COATS GROUP PLC ORD 5P,uk stock,Y,GBX,,yfinance,Y,,,LSE : FTSE All-Share
NAS.L,NORTH ATLANTIC SMALL CO INV TST PLC ORD 5P,uk stock,Y,GBX,,yfinance,Y,,,LSE : FTSE All-Share
ASL.L,ABERFORTH SMALLER COMPANIES TST PLC ORD 1P,uk stock,Y,GBX,,yfinance,Y,,,LSE : FTSE All-Share
MWY.L,MID WYND INTL INV TST PLC ORD 5P,uk stock,Y,GBX,,yfinance,Y,,,LSE : FTSE All-Share
ORIT.L,OCTOPUS RENEWABLES INFRASTRUCTURE T ORD 1P,uk stock,Y,GBX,,yfinance,Y,,,LSE : FTSE All-Share
FSV.L,FIDELITY SPECIAL VALUES PLC ORD 5P,uk stock,Y,GBX,,yfinance,Y,,,LSE : FTSE All-Share
PRTC.L,PURETECH HEALTH PLC ORD 1P,uk stock,Y,GBX,,yfinance,Y,,,LSE : FTSE All-Share
ZIG.L,ZIGUP PLC ORD 50P,uk stock,Y,GBX,,yfinance,Y,,,LSE : FTSE All-Share
BRLA.L,BLACKROCK LATIN AMERICAN INV TSTPLC ORD US$0.10,uk stock,Y,GBX,,yfinance,Y,,,LSE : FTSE All-Share
MTE.L,MONTANARO EUROPEAN SMALLER C.TSTPLC ORD 5P,uk stock,Y,GBX,,yfinance,Y,,,LSE : FTSE All-Share
DFS.L,DFS FURNITURE PLC ORD GBP0.10,uk stock,Y,GBX,,yfinance,Y,,,LSE : FTSE All-Share
SVS.L,SAVILLS PLC ORD 2.5P,uk stock,Y,GBX,,yfinance,Y,,,LSE : FTSE All-Share
PHNX.L,PHOENIX GROUP HOLDINGS PLC ORD 10P,uk stock,Y,GBX,,yfinance,Y,,,LSE : FTSE All-Share
AUGM.L,AUGMENTUM FINTECH PLC ORD GBP0.01,uk stock,Y,GBX,,yfinance,Y,,,LSE : FTSE All-Share
MOTR.L,MOTORPOINT GROUP PLC ORD 1P,uk stock,Y,GBX,,yfinance,Y,,,LSE : FTSE All-Share
ECEL.L,EUROCELL PLC ORD GBP0.001,uk stock,Y,GBX,,yfinance,Y,,,LSE : FTSE All-Share
SDR.L,SCHRODERS PLC ORD 20P,uk stock,Y,GBX,,yfinance,Y,,,LSE : FTSE All-Share
DNLM.L,DUNELM GROUP PLC ORD 1P,uk stock,Y,GBX,,yfinance,Y,,,LSE : FTSE All-Share
HILS.L,HILL & SMITH PLC ORD 25P,uk stock,Y,GBX,,yfinance,Y,,,LSE : FTSE All-Share
SOI.L,SCHRODER ORIENTAL INCOME FUND LD ORD 1P,uk stock,Y,GBX,,yfinance,Y,,,LSE : FTSE All-Share
RICA.L,RUFFER INVESTMENT COMPANY LD RED PTG PREF SHS 0.01P,uk stock,Y,GBX,,yfinance,Y,,,LSE : FTSE All-Share
JII.L,JPMORGAN INDIAN INV TRUST PLC ORD 25P,uk stock,Y,GBX,,yfinance,Y,,,LSE : FTSE All-Share
GEN.L,GENUIT GROUP PLC ORD GBP0.001,uk stock,Y,GBX,,yfinance,Y,,,LSE : FTSE All-Share
SAGA.L,SAGA PLC ORD 15P,uk stock,Y,GBX,,yfinance,Y,,,LSE : FTSE All-Share
NRR.L,NEWRIVER REIT PLC ORD 1P,uk stock,Y,GBX,,yfinance,Y,,,LSE : FTSE All-Share
PPH.L,PPHE HOTEL GROUP LD ORD NPV,uk stock,Y,GBX,,yfinance,Y,,,LSE : FTSE All-Share
CLDN.L,CALEDONIA INVESTMENTS PLC ORD 5P,uk stock,Y,GBX,,yfinance,Y,,,LSE : FTSE All-Share
DLG.L,DIRECT LINE INSURANCE GROUP PLC ORD 10 10/11P,uk stock,Y,GBX,,yfinance,Y,,,LSE : FTSE All-Share
SPT.L,SPIRENT COMMUNICATIONS PLC ORD 3 1/3P,uk stock,Y,GBX,,yfinance,Y,,,LSE : FTSE All-Share
SPX.L,SPIRAX GROUP PLC ORD 26 12/13P,uk stock,Y,GBX,,yfinance,Y,,,LSE : FTSE All-Share
INCH.L,INCHCAPE PLC ORD 10P,uk stock,Y,GBX,,yfinance,Y,,,LSE : FTSE All-Share
ATYM.L,"ATALAYA MINING COPPER, S.A. ORD EUR0.09 (CDI)",uk stock,Y,GBX,,yfinance,Y,,,LSE : FTSE All-Share
HFEL.L,HENDERSON FAR EAST INCOME LD ORD NPV,uk stock,Y,GBX,,yfinance,Y,,,LSE : FTSE All-Share
BARC.L,BARCLAYS PLC ORD 25P,uk stock,Y,GBX,,yfinance,Y,,,LSE : FTSE All-Share
ENT.L,ENTAIN PLC ORD EUR0.01,uk stock,Y,GBX,,yfinance,Y,,,LSE : FTSE All-Share
MEGP.L,ME GROUP INTERNATIONAL PLC ORD 0.5P,uk stock,Y,GBX,,yfinance,Y,,,LSE : FTSE All-Share
SPI.L,SPIRE HEALTHCARE GROUP PLC ORD 1P,uk stock,Y,GBX,,yfinance,Y,,,LSE : FTSE All-Share
EGL.L,ECOFIN GLBL UTIL & INF TST PLC ORD 1P,uk stock,Y,GBX,,yfinance,Y,,,LSE : FTSE All-Share
CREI.L,CUSTODIAN PROPERTY INCOME REIT PLC ORD 1P,uk stock,Y,GBX,,yfinance,Y,,,LSE : FTSE All-Share
AEP.L,ANGLO-EASTERN PLANTATIONS PLC ORD 25P,uk stock,Y,GBX,,yfinance,Y,,,LSE : FTSE All-Share
MTU.L,MONTANARO UK SMLR COS INV TST PLC ORD 2P,uk stock,Y,GBX,,yfinance,Y,,,LSE : FTSE All-Share
VSVS.L,VESUVIUS PLC ORD 10P,uk stock,Y,GBX,,yfinance,Y,,,LSE : FTSE All-Share
AJB.L,AJ BELL PLC ORD GBP0.000125,uk stock,Y,GBX,,yfinance,Y,,,LSE : FTSE All-Share
FCH.L,FUNDING CIRCLE HOLDINGS PLC ORD 0.1P,uk stock,Y,GBX,,yfinance,Y,,,LSE : FTSE All-Share
CBG.L,CLOSE BROS GROUP PLC ORD 25P,uk stock,Y,GBX,,yfinance,Y,,,LSE : FTSE All-Share
BGFD.L,BAILLIE GIFFORD JAPAN TRUST PLC ORD 5P,uk stock,Y,GBX,,yfinance,Y,,,LSE : FTSE All-Share
JMG.L,JPMORGAN EMERGING MKTS INV TRST PLC ORD 2.5P,uk stock,Y,GBX,,yfinance,Y,,,LSE : FTSE All-Share
DGI9.L,DIGITAL 9 INFRASTRUCTURE PLC ORD NPV,uk stock,Y,GBX,,yfinance,Y,,,LSE : FTSE All-Share
GDWN.L,GOODWIN PLC ORD 10P,uk stock,Y,GBX,,yfinance,Y,,,LSE : FTSE All-Share
CTEC.L,CONVATEC GROUP PLC ORD 10P,uk stock,Y,GBX,,yfinance,Y,,,LSE : FTSE All-Share
MSLH.L,MARSHALLS PLC ORD 25P,uk stock,Y,GBX,,yfinance,Y,,,LSE : FTSE All-Share
TATE.L,TATE & LYLE PLC ORD 29 1/6P,uk stock,Y,GBX,,yfinance,Y,,,LSE : FTSE All-Share
TBCG.L,TBC BANK GROUP PLC ORD GBP0.01,uk stock,Y,GBX,,yfinance,Y,,,LSE : FTSE All-Share
PSH.L,PERSHING SQUARE HOLDINGS LTD ORD NPV,uk stock,Y,GBX,,yfinance,Y,,,LSE : FTSE All-Share
BUT.L,BRUNNER INV TST PLC ORD 25P,uk stock,Y,GBX,,yfinance,Y,,,LSE : FTSE All-Share
IAD.L,INVESCO ASIA DRAGON TRUST PLC ORD 10P,uk stock,Y,GBX,,yfinance,Y,,,LSE : FTSE All-Share
AUSC.L,ABRDN UK SMALL.CO'S GROWTH TST PLC ORD 25P,uk stock,Y,GBX,,yfinance,Y,,,LSE : FTSE All-Share
ESP.L,EMPIRIC STUDENT PROPERTY PLC ORD GBP0.01,uk stock,Y,GBX,,yfinance,Y,,,LSE : FTSE All-Share
AJOT.L,AVI JAPAN OPPORTUNITY TRUST PLC ORD 1P,uk stock,Y,GBX,,yfinance,Y,,,LSE : FTSE All-Share
MRC.L,MERCANTILE INVESTMENT TST (THE) PLC ORD 2.5P,uk stock,Y,GBX,,yfinance,Y,,,LSE : FTSE All-Share
ESNT.L,ESSENTRA PLC ORD 25P,uk stock,Y,GBX,,yfinance,Y,,,LSE : FTSE All-Share
CRDA.L,CRODA INTERNATIONAL PLC ORD 10.609756P,uk stock,Y,GBX,,yfinance,Y,,,LSE : FTSE All-Share
GABI.L,GCP ASSET BACKED INCOME FUND LTD ORD NPV,uk stock,Y,GBX,,yfinance,Y,,,LSE : FTSE All-Share
BRSC.L,BLACKROCK SMALLER COMPANIES TST PLC ORD 25P,uk stock,Y,GBX,,yfinance,Y,,,LSE : FTSE All-Share
USA.L,BAILLIE GIFFORD US GROWTH TRUST PLC ORD GBP0.01,uk stock,Y,GBX,,yfinance,Y,,,LSE : FTSE All-Share
ALFA.L,ALFA FINANCIAL SOFTWARE HOLDINGS PL ORD 0.1P,uk stock,Y,GBX,,yfinance,Y,,,LSE : FTSE All-Share
FCIT.L,F&C INVESTMENT TRUST PLC ORD 25P,uk stock,Y,GBX,,yfinance,Y,,,LSE : FTSE All-Share
ATR.L,SCHRODER ASIAN TOTAL RETURN INV CO ORD 5P,uk stock,Y,GBX,,yfinance,Y,,,LSE : FTSE All-Share
ECOR.L,ECORA RESOURCES PLC ORD 2P,uk stock,Y,GBX,,yfinance,Y,,,LSE : FTSE All-Share
LSL.L,LSL PROPERTY SERVICES PLC ORD 0.2P,uk stock,Y,GBX,,yfinance,Y,,,LSE : FTSE All-Share
LSEG.L,LONDON STOCK EXCHANGE GROUP PLC ORD SHS 6 79/86P,uk stock,Y,GBX,,yfinance,Y,,,LSE : FTSE All-Share
INVP.L,INVESTEC PLC ORD GBP0.0002,uk stock,Y,GBX,,yfinance,Y,,,LSE : FTSE All-Share
EAT.L,EUROPEAN ASSETS TRUST PLC ORD GBP0.10,uk stock,Y,GBX,,yfinance,Y,,,LSE : FTSE All-Share
RTO.L,RENTOKIL INITIAL PLC ORD 1P,uk stock,Y,GBX,,yfinance,Y,,,LSE : FTSE All-Share
LWI.L,LOWLAND INV CO PLC ORD 2.5P,uk stock,Y,GBX,,yfinance,Y,,,LSE : FTSE All-Share
DOM.L,DOMINO'S PIZZA GROUP PLC ORD 25/48P,uk stock,Y,GBX,,yfinance,Y,,,LSE : FTSE All-Share
GLEN.L,GLENCORE PLC ORD USD0.01,uk stock,Y,GBX,,yfinance,Y,,,LSE : FTSE All-Share
FRAS.L,FRASERS GROUP PLC ORD 10P,uk stock,Y,GBX,,yfinance,Y,,,LSE : FTSE All-Share
PRSR.L,PRS REIT (THE) PLC ORD 1P,uk stock,Y,GBX,,yfinance,Y,,,LSE : FTSE All-Share
MYI.L,MURRAY INTERNATIONAL TRUST PLC ORD 5P,uk stock,Y,GBX,,yfinance,Y,,,LSE : FTSE All-Share
ABDN.L,ABERDEEN GROUP PLC ORD 13 61/63P,uk stock,Y,GBX,,yfinance,Y,,,LSE : FTSE All-Share
BME.L,B&M EUROPEAN VALUE RETAIL S.A. ORD 10P (DI),uk stock,Y,GBX,,yfinance,Y,,,LSE : FTSE All-Share
JGGI.L,JPMORGAN GLOBAL GWTH & INC PLC ORD 5P,uk stock,Y,GBX,,yfinance,Y,,,LSE : FTSE All-Share
BGEO.L,LION FINANCE GROUP PLC ORD 1P,uk stock,Y,GBX,,yfinance,Y,,,LSE : FTSE All-Share
BYIT.L,BYTES TECHNOLOGY GROUP PLC ORD GBP0.01,uk stock,Y,GBX,,yfinance,Y,,,LSE : FTSE All-Share
JUGI.L,JPMORGAN UK SMALL CAP GROWTH & INC ORD 5P,uk stock,Y,GBX,,yfinance,Y,,,LSE : FTSE All-Share
INOV.L,SCHRODERS CAPITAL GLOBAL INNOVATION ORD 1P,uk stock,Y,GBX,,yfinance,Y,,,LSE : FTSE All-Share
TEM.L,TEMPLETON EMERGING MARKETS IT PLC ORD 5P,uk stock,Y,GBX,,yfinance,Y,,,LSE : FTSE All-Share
SJG.L,SCHRODER JAPAN TRUST PLC ORD 10P,uk stock,Y,GBX,,yfinance,Y,,,LSE : FTSE All-Share
PTEC.L,PLAYTECH PLC ORD NPV,uk stock,Y,GBX,,yfinance,Y,,,LSE : FTSE All-Share
APN.L,APPLIED NUTRITION PLC ORD GBP0.0002,uk stock,Y,GBX,,yfinance,Y,,,LSE : FTSE All-Share
TRN.L,TRAINLINE PLC ORD 1P,uk stock,Y,GBX,,yfinance,Y,,,LSE : FTSE All-Share
AHT.L,ASHTEAD GROUP PLC ORD 10P,uk stock,Y,GBX,,yfinance,Y,,,LSE : FTSE All-Share
FAN.L,VOLUTION GROUP PLC ORD GBP0.01,uk stock,Y,GBX,,yfinance,Y,,,LSE : FTSE All-Share
BGS.L,BAILLIE GIFFORD SHIN NIPPON PLC ORD 2P,uk stock,Y,GBX,,yfinance,Y,,,LSE : FTSE All-Share
VOF.L,VINACAPITAL VIETNAM OPP. FUND LD ORD $0.01,uk stock,Y,GBX,,yfinance,Y,,,LSE : FTSE All-Share
TRIG.L,THE RENEWABLES INFRASTRUCTURE GROUP ORD NPV,uk stock,Y,GBX,,yfinance,Y,,,LSE : FTSE All-Share
MARS.L,MARSTON'S PLC ORD 7.375P,uk stock,Y,GBX,,yfinance,Y,,,LSE : FTSE All-Share
ADM.L,ADMIRAL GROUP PLC ORD 0.1P,uk stock,Y,GBX,,yfinance,Y,,,LSE : FTSE All-Share
AGT.L,AVI GLOBAL TRUST PLC ORD 2P,uk stock,Y,GBX,,yfinance,Y,,,LSE : FTSE All-Share
III.L,3I GROUP PLC ORD 73 19/22P,uk stock,Y,GBX,,yfinance,Y,,,LSE : FTSE All-Share
JMAT.L,JOHNSON MATTHEY PLC ORD 110 49/53P,uk stock,Y,GBX,,yfinance,Y,,,LSE : FTSE All-Share
MAB.L,MITCHELLS & BUTLERS PLC ORD 8 13/24P,uk stock,Y,GBX,,yfinance,Y,,,LSE : FTSE All-Share
TET.L,TREATT PLC ORD 2P,uk stock,Y,GBX,,yfinance,Y,,,LSE : FTSE All-Share
JAGI.L,JPMORGAN ASIA GROWTH & INCOME PLC ORD 25P,uk stock,Y,GBX,,yfinance,Y,,,LSE : FTSE All-Share
MGAM.L,MORGAN ADVANCED MATERIALS PLC ORD 25P,uk stock,Y,GBX,,yfinance,Y,,,LSE : FTSE All-Share
HTG.L,HUNTING PLC ORD 25P,uk stock,Y,GBX,,yfinance,Y,,,LSE : FTSE All-Share
RCDO.L,RICARDO PLC ORD 25P,uk stock,Y,GBX,,yfinance,Y,,,LSE : FTSE All-Share
AAS.L,ABRDN ASIA FOCUS PLC ORD 5P,uk stock,Y,GBX,,yfinance,Y,,,LSE : FTSE All-Share
LABS.L,LIFE SCIENCE REIT PLC ORD GBP0.01,uk stock,Y,GBX,,yfinance,Y,,,LSE : FTSE All-Share
PCFT.L,POLAR CAPITAL GLOBAL FIN. TST PLC ORD 5P,uk stock,Y,GBX,,yfinance,Y,,,LSE : FTSE All-Share
DIVI.L,DIVERSE INCOME TRUST (THE) PLC ORD 0.1P,uk stock,Y,GBX,,yfinance,Y,,,LSE : FTSE All-Share
CYN.L,CQS NATURAL RES GROWTH & INCOME PLC ORD 25P,uk stock,Y,GBX,,yfinance,Y,,,LSE : FTSE All-Share
FSTA.L,"FULLER,SMITH & TURNER PLC 'A' ORD 40P",uk stock,Y,GBX,,yfinance,Y,,,LSE : FTSE All-Share
BGEU.L,BAILLIE GIFFORD EUROPEAN GROWTH TRU ORD 2.5P,uk stock,Y,GBX,,yfinance,Y,,,LSE : FTSE All-Share
FSG.L,FORESIGHT GROUP HOLDINGS LIMITED ORD NPV,uk stock,Y,GBX,,yfinance,Y,,,LSE : FTSE All-Share
CSN.L,CHESNARA PLC ORD 5P,uk stock,Y,GBX,,yfinance,Y,,,LSE : FTSE All-Share
EMG.L,MAN GROUP PLC ORD USD0.0342857142,uk stock,Y,GBX,,yfinance,Y,,,LSE : FTSE All-Share
KMR.L,KENMARE RESOURCES PLC ORD EUR0.001 (CDI),uk stock,Y,GBX,,yfinance,Y,,,LSE : FTSE All-Share
HVPE.L,HARBOURVEST GLOBAL PRIVATE EQUITY L ORD NPV,uk stock,Y,GBX,,yfinance,Y,,,LSE : FTSE All-Share
ASHM.L,ASHMORE GROUP PLC ORD 0.01P,uk stock,Y,GBX,,yfinance,Y,,,LSE : FTSE All-Share
AAL.L,ANGLO AMERICAN PLC ORD USD0.623855311355311,uk stock,Y,GBX,,yfinance,Y,,,LSE : FTSE All-Share
JTC.L,JTC PLC ORD GBP0.01,uk stock,Y,GBX,,yfinance,Y,,,LSE : FTSE All-Share
TLW.L,TULLOW OIL PLC ORD 10P,uk stock,Y,GBX,,yfinance,Y,,,LSE : FTSE All-Share
REC.L,RECORD PLC ORD 0.025P,uk stock,Y,GBX,,yfinance,Y,,,LSE : FTSE All-Share
TRST.L,TRUSTPILOT GROUP PLC ORD GBP0.01,uk stock,Y,GBX,,yfinance,Y,,,LSE : FTSE All-Share
PRU.L,PRUDENTIAL PLC ORD 5P,uk stock,Y,GBX,,yfinance,Y,,,LSE : FTSE All-Share
FORT.L,FORTERRA PLC ORD 1P,uk stock,Y,GBX,,yfinance,Y,,,LSE : FTSE All-Share
IPO.L,IP GROUP PLC ORD 2P,uk stock,Y,GBX,,yfinance,Y,,,LSE : FTSE All-Share
IGC.L,INDIA CAPITAL GROWTH FUND LD ORD 1P,uk stock,Y,GBX,,yfinance,Y,,,LSE : FTSE All-Share
TCAP.L,TP ICAP GROUP PLC ORD 25P,uk stock,Y,GBX,,yfinance,Y,,,LSE : FTSE All-Share
INPP.L,INTERNATIONAL PUBLIC PARTNERSHIP LD ORD 0.01P,uk stock,Y,GBX,,yfinance,Y,,,LSE : FTSE All-Share
AVON.L,AVON TECHNOLOGIES PLC ORD #1,uk stock,Y,GBX,,yfinance,Y,,,LSE : FTSE All-Share
SDY.L,SPEEDY HIRE PLC ORD 5P,uk stock,Y,GBX,,yfinance,Y,,,LSE : FTSE All-Share
SRE.L,SIRIUS REAL ESTATE LD ORD NPV,uk stock,Y,GBX,,yfinance,Y,,,LSE : FTSE All-Share
PCT.L,POLAR CAPITAL TECHNOLOGY TRUST PLC ORD 2.5P,uk stock,Y,GBX,,yfinance,Y,,,LSE : FTSE All-Share
INF.L,INFORMA PLC ORD 0.1P,uk stock,Y,GBX,,yfinance,Y,,,LSE : FTSE All-Share
HWG.L,HARWORTH GROUP PLC ORD 10P,uk stock,Y,GBX,,yfinance,Y,,,LSE : FTSE All-Share
BREE.L,BREEDON GROUP PLC ORD GBP0.01,uk stock,Y,GBX,,yfinance,Y,,,LSE : FTSE All-Share
BNKR.L,BANKERS INV TST PLC ORD 2.5P,uk stock,Y,GBX,,yfinance,Y,,,LSE : FTSE All-Share
BGCG.L,BAILLIE GIFFORD CHINA GRWTH TST PLC ORD 25P,uk stock,Y,GBX,,yfinance,Y,,,LSE : FTSE All-Share
JAM.L,JPMORGAN AMERICAN IT PLC ORD 5P,uk stock,Y,GBX,,yfinance,Y,,,LSE : FTSE All-Share
RIO.L,RIO TINTO PLC ORD 10P,uk stock,Y,GBX,,yfinance,Y,,,LSE : FTSE All-Share
ATT.L,ALLIANZ TECHNOLOGY TRUST PLC ORD 2.5P,uk stock,Y,GBX,,yfinance,Y,,,LSE : FTSE All-Share
VTY.L,VISTRY GROUP PLC ORD 50P,uk stock,Y,GBX,,yfinance,Y,,,LSE : FTSE All-Share
PBEE.L,PENSIONBEE GROUP PLC ORD GBP0.001,uk stock,Y,GBX,,yfinance,Y,,,LSE : FTSE All-Share
RR.L,ROLLS-ROYCE HOLDINGS PLC ORD SHS 20P,uk stock,Y,GBX,,yfinance,Y,,,LSE : FTSE All-Share
MACF.L,MACFARLANE GROUP PLC ORD 25P,uk stock,Y,GBX,,yfinance,Y,,,LSE : FTSE All-Share
MNKS.L,MONKS INV TST PLC ORD 5P,uk stock,Y,GBX,,yfinance,Y,,,LSE : FTSE All-Share
AV.L,AVIVA PLC ORD 32 17/19P,uk stock,Y,GBX,,yfinance,Y,,,LSE : FTSE All-Share
ALPH.L,ALPHA GROUP INTERNATIONAL PLC ORD 0.2P,uk stock,Y,GBX,,yfinance,Y,,,LSE : FTSE All-Share
BBH.L,BELLEVUE HEALTHCARE TRUST PLC RED ORD 1P,uk stock,Y,GBX,,yfinance,Y,,,LSE : FTSE All-Share
GOT.L,GLOBAL OPPORTUNITIES TRUST PLC ORD 1P,uk stock,Y,GBX,,yfinance,Y,,,LSE : FTSE All-Share
WWH.L,WORLDWIDE HEALTHCARE TRUST PLC ORD 2.5P,uk stock,Y,GBX,,yfinance,Y,,,LSE : FTSE All-Share
ALW.L,ALLIANCE WITAN PLC ORD 2.5P,uk stock,Y,GBX,,yfinance,Y,,,LSE : FTSE All-Share
WKP.L,WORKSPACE GROUP PLC ORD GBP1,uk stock,Y,GBX,,yfinance,Y,,,LSE : FTSE All-Share
BOWL.L,HOLLYWOOD BOWL GROUP PLC ORD 1P,uk stock,Y,GBX,,yfinance,Y,,,LSE : FTSE All-Share
AEWU.L,AEW UK REIT PLC ORD GBP0.01,uk stock,Y,GBX,,yfinance,Y,,,LSE : FTSE All-Share
HLCL.L,HELICAL PLC ORD 1P,uk stock,Y,GBX,,yfinance,Y,,,LSE : FTSE All-Share
RHIM.L,RHI MAGNESITA N.V. ORD EUR1.00 (DI),uk stock,Y,GBX,,yfinance,Y,,,LSE : FTSE All-Share
SNR.L,SENIOR PLC ORD 10P,uk stock,Y,GBX,,yfinance,Y,,,LSE : FTSE All-Share
FUTR.L,FUTURE PLC ORD 15P,uk stock,Y,GBX,,yfinance,Y,,,LSE : FTSE All-Share
STAN.L,STANDARD CHARTERED PLC ORD USD0.50,uk stock,Y,GBX,,yfinance,Y,,,LSE : FTSE All-Share
MTRO.L,METRO BANK HOLDINGS PLC ORD 0.0001P,uk stock,Y,GBX,,yfinance,Y,,,LSE : FTSE All-Share
RPI.L,RASPBERRY PI HOLDINGS PLC ORD 0.25P,uk stock,Y,GBX,,yfinance,Y,,,LSE : FTSE All-Share
LAND.L,LAND SECURITIES GROUP PLC ORD 10 2/3P,uk stock,Y,GBX,,yfinance,Y,,,LSE : FTSE All-Share
FRGT.L,FRANKLIN GLOBAL TRUST PLC ORD 5P,uk stock,Y,GBX,,yfinance,Y,,,LSE : FTSE All-Share
ANTO.L,ANTOFAGASTA PLC ORD 5P,uk stock,Y,GBX,,yfinance,Y,,,LSE : FTSE All-Share
IEM.L,IMPAX ENVIRONMENTAL MARKETS PLC ORD 10P,uk stock,Y,GBX,,yfinance,Y,,,LSE : FTSE All-Share
CTUK.L,CT UK CAP AND INC INV TRUST PLC ORD 25P,uk stock,Y,GBX,,yfinance,Y,,,LSE : FTSE All-Share
JDW.L,WETHERSPOON(J.D.) PLC ORD 2P,uk stock,Y,GBX,,yfinance,Y,,,LSE : FTSE All-Share
WTB.L,WHITBREAD PLC ORD 76 122/153P,uk stock,Y,GBX,,yfinance,Y,,,LSE : FTSE All-Share
NBPE.L,NB PRIVATE EQUITY PARTNERS LD ORD USD0.01,uk stock,Y,GBX,,yfinance,Y,,,LSE : FTSE All-Share
OIT.L,ODYSSEAN INVESTMENT TRUST PLC ORD 1P,uk stock,Y,GBX,,yfinance,Y,,,LSE : FTSE All-Share
COST.L,COSTAIN GROUP PLC ORD 1P,uk stock,Y,GBX,,yfinance,Y,,,LSE : FTSE All-Share
DWL.L,DOWLAIS GROUP PLC ORD 1P,uk stock,Y,GBX,,yfinance,Y,,,LSE : FTSE All-Share
XPP.L,XP POWER LD ORD 1P (DI),uk stock,Y,GBX,,yfinance,Y,,,LSE : FTSE All-Share
QQ.L,QINETIQ GROUP PLC ORD 1P,uk stock,Y,GBX,,yfinance,Y,,,LSE : FTSE All-Share
BPT.L,BRIDGEPOINT GROUP PLC ORD GBP0.00005,uk stock,Y,GBX,,yfinance,Y,,,LSE : FTSE All-Share
PPET.L,PATRIA PRIVATE EQUITY TRUST PLC ORD 0.2P,uk stock,Y,GBX,,yfinance,Y,,,LSE : FTSE All-Share
HHI.L,HENDERSON HIGH INCOME TRUST PLC ORD 5P,uk stock,Y,GBX,,yfinance,Y,,,LSE : FTSE All-Share
VCT.L,VICTREX PLC ORD 1P,uk stock,Y,GBX,,yfinance,Y,,,LSE : FTSE All-Share
HICL.L,HICL INFRASTRUCTURE PLC ORD 0.01P,uk stock,Y,GBX,,yfinance,Y,,,LSE : FTSE All-Share
WIZZ.L,WIZZ AIR HOLDINGS PLC. ORD GBP0.0001,uk stock,Y,GBX,,yfinance,Y,,,LSE : FTSE All-Share
IGET.L,INVESCO GLBL EQUITY INC TRUST PLC ORD 1P,uk stock,Y,GBX,,yfinance,Y,,,LSE : FTSE All-Share
EWI.L,EDINBURGH WORLDWIDE INV TRUST PLC ORD 1P,uk stock,Y,GBX,,yfinance,Y,,,LSE : FTSE All-Share
HSX.L,HISCOX LD ORD 6.5P (DI),uk stock,Y,GBX,,yfinance,Y,,,LSE : FTSE All-Share
CABP.L,CAB PAYMENTS HOLDINGS PLC ORD 0.033 1/3P,uk stock,Y,GBX,,yfinance,Y,,,LSE : FTSE All-Share
ICGT.L,ICG ENTERPRISE TRUST PLC ORD 10P,uk stock,Y,GBX,,yfinance,Y,,,LSE : FTSE All-Share
ANII.L,ABRDN NEW INDIA INVESTMENT TRUST PL ORD 25P,uk stock,Y,GBX,,yfinance,Y,,,LSE : FTSE All-Share
MER.L,MEARS GROUP PLC ORD 1P,uk stock,Y,GBX,,yfinance,Y,,,LSE : FTSE All-Share
IBST.L,IBSTOCK PLC ORD 1P,uk stock,Y,GBX,,yfinance,Y,,,LSE : FTSE All-Share
FOXT.L,FOXTONS GROUP PLC ORD 1P,uk stock,Y,GBX,,yfinance,Y,,,LSE : FTSE All-Share
VNH.L,VIETNAM HOLDING LD ORD USD1,uk stock,Y,GBX,,yfinance,Y,,,LSE : FTSE All-Share
IWG.L,INTERNATIONAL WORKPLACE GROUP PLC ORD USD0.0124,uk stock,Y,GBX,,yfinance,Y,,,LSE : FTSE All-Share
GLE.L,MJ GLEESON PLC ORD 2P,uk stock,Y,GBX,,yfinance,Y,,,LSE : FTSE All-Share
IBT.L,INTERNATIONAL BIOTECHNOLOGY TST PLC ORD 25P,uk stock,Y,GBX,,yfinance,Y,,,LSE : FTSE All-Share
BOOT.L,BOOT (HENRY) PLC ORD 10P,uk stock,Y,GBX,,yfinance,Y,,,LSE : FTSE All-Share
GSF.L,GORE STREET ENERGY STORAGE FUND PLC ORD GBP0.01,uk stock,Y,GBX,,yfinance,Y,,,LSE : FTSE All-Share
API.L,ABRDN PROPERTY INCOME TRUST LIMITED ORD 1P,uk stock,Y,GBX,,yfinance,Y,,,LSE : FTSE All-Share
CKN.L,CLARKSON PLC ORD 25P,uk stock,Y,GBX,,yfinance,Y,,,LSE : FTSE All-Share
GMS.L,GULF MARINE SERVICES PLC ORD 2P,uk stock,Y,GBX,,yfinance,Y,,,LSE : FTSE All-Share
WPS.L,W.A.G PAYMENT SOLUTIONS PLC ORD 1P,uk stock,Y,GBX,,yfinance,Y,,,LSE : FTSE All-Share
RSW.L,RENISHAW PLC ORD 20P,uk stock,Y,GBX,,yfinance,Y,,,LSE : FTSE All-Share
AML.L,ASTON MARTIN LAGONDA GLOBAL HOLDING ORD GBP0.10,uk stock,Y,GBX,,yfinance,Y,,,LSE : FTSE All-Share
IPF.L,INTERNATIONAL PERSONAL FINANCE PLC ORD 10P,uk stock,Y,GBX,,yfinance,Y,,,LSE : FTSE All-Share
DEC.L,DIVERSIFIED ENERGY COMPANY PLC ORD 20P,uk stock,Y,GBX,,yfinance,Y,,,LSE : FTSE All-Share
DOCS.L,DR. MARTENS PLC ORD GBP0.01,uk stock,Y,GBX,,yfinance,Y,,,LSE : FTSE All-Share
XPS.L,XPS PENSIONS GROUP PLC ORD GBP0.0005,uk stock,Y,GBX,,yfinance,Y,,,LSE : FTSE All-Share
SYNT.L,SYNTHOMER PLC ORD 1P,uk stock,Y,GBX,,yfinance,Y,,,LSE : FTSE All-Share
IHG.L,INTERCONTINENTAL HOTELS GROUP PLC ORD 20 340/399P,uk stock,Y,GBX,,yfinance,Y,,,LSE : FTSE All-Share
SCP.L,SCHRODER UK MID CAP FD PLC ORD 25P,uk stock,Y,GBX,,yfinance,Y,,,LSE : FTSE All-Share
PHLL.L,PETERSHILL PARTNERS PLC ORD USD0.01,uk stock,Y,GBX,,yfinance,Y,,,LSE : FTSE All-Share
HOC.L,HOCHSCHILD MINING PLC ORD 1P,uk stock,Y,GBX,,yfinance,Y,,,LSE : FTSE All-Share
BERI.L,BLACKROCK ENERGY & RES. INC.TST PLC ORD 1P,uk stock,Y,GBX,,yfinance,Y,,,LSE : FTSE All-Share
GCP.L,GCP INFRASTRUCTURE INVESTMENTS LD ORD 1P,uk stock,Y,GBX,,yfinance,Y,,,LSE : FTSE All-Share
LIO.L,LIONTRUST ASSET MANAGEMENT PLC ORD 1P,uk stock,Y,GBX,,yfinance,Y,,,LSE : FTSE All-Share
MMIT.L,MOBIUS INVESTMENT TRUST PLC ORD 1P,uk stock,Y,GBX,,yfinance,Y,,,LSE : FTSE All-Share
JUST.L,JUST GROUP PLC ORD 10P,uk stock,Y,GBX,,yfinance,Y,,,LSE : FTSE All-Share
BIOG.L,BIOTECH GROWTH TRUST (THE) PLC ORD 25P,uk stock,Y,GBX,,yfinance,Y,,,LSE : FTSE All-Share
RMII.L,RM INFRASTRUCTURE INCOME PLC ORD 1P,uk stock,Y,GBX,,yfinance,Y,,,LSE : FTSE All-Share
BAB.L,BABCOCK INTERNATIONAL GROUP PLC ORD 60P,uk stock,Y,GBX,,yfinance,Y,,,LSE : FTSE All-Share
ATG.L,AUCTION TECHNOLOGY GROUP PLC ORD 0.01P,uk stock,Y,GBX,,yfinance,Y,,,LSE : FTSE All-Share
JEMI.L,JPMORGAN GLOBAL EMERG. MKTS. IT PLC ORD 1P,uk stock,Y,GBX,,yfinance,Y,,,LSE : FTSE All-Share
BEZ.L,BEAZLEY PLC ORD 5P,uk stock,Y,GBX,,yfinance,Y,,,LSE : FTSE All-Share
CWR.L,CERES POWER HOLDINGS PLC ORD 10P,uk stock,Y,GBX,,yfinance,Y,,,LSE : FTSE All-Share
AIE.L,ASHOKA INDIA EQUITY INVESTMENT TRUS ORD 1P,uk stock,Y,GBX,,yfinance,Y,,,LSE : FTSE All-Share
XAR.L,XAAR PLC ORD 10P,uk stock,Y,GBX,,yfinance,Y,,,LSE : FTSE All-Share
MRO.L,MELROSE INDUSTRIES PLC ORD GBP0.001,uk stock,Y,GBX,,yfinance,Y,,,LSE : FTSE All-Share
IHP.L,INTEGRAFIN HOLDINGS PLC ORD 1P,uk stock,Y,GBX,,yfinance,Y,,,LSE : FTSE All-Share
ASC.L,ASOS PLC ORD 3.5P,uk stock,Y,GBX,,yfinance,Y,,,LSE : FTSE All-Share
MNDI.L,MONDI PLC ORD EUR 0.22,uk stock,Y,GBX,,yfinance,Y,,,LSE : FTSE All-Share
LRE.L,LANCASHIRE HOLDINGS LD COM SHS USD0.50,uk stock,Y,GBX,,yfinance,Y,,,LSE : FTSE All-Share
3IN.L,3I INFRASTRUCTURE PLC ORD NPV,uk stock,Y,GBX,,yfinance,Y,,,LSE : FTSE All-Share
STVG.L,STV GROUP PLC ORD 50P,uk stock,Y,GBX,,yfinance,Y,,,LSE : FTSE All-Share
ONT.L,OXFORD NANOPORE TECHNOLOGIES PLC ORD GBP0.0001,uk stock,Y,GBX,,yfinance,Y,,,LSE : FTSE All-Share
CCR.L,C&C GROUP PLC ORD EUR0.01 (CDI),uk stock,Y,GBX,,yfinance,Y,,,LSE : FTSE All-Share
ENOG.L,ENERGEAN PLC ORD 1P,uk stock,Y,GBX,,yfinance,Y,,,LSE : FTSE All-Share
ZTF.L,ZOTEFOAMS PLC ORD 5P,uk stock,Y,GBX,,yfinance,Y,,,LSE : FTSE All-Share
NXR.L,NORCROS PLC ORD 10P,uk stock,Y,GBX,,yfinance,Y,,,LSE : FTSE All-Share
RS1.L,RS GROUP PLC ORD 10P,uk stock,Y,GBX,,yfinance,Y,,,LSE : FTSE All-Share
VSL.L,VPC SPECIALTY LENDING INVESTMENTS ORD GBP0.01,uk stock,Y,GBX,,yfinance,Y,,,LSE : FTSE All-Share
JD.L,JD SPORTS FASHION PLC ORD 0.05P,uk stock,Y,GBX,,yfinance,Y,,,LSE : FTSE All-Share
SEIT.L,SDCL EFFICIENCY INCOME TRUST PLC ORD GBP0.01,uk stock,Y,GBX,,yfinance,Y,,,LSE : FTSE All-Share
IAG.L,INTL CONSOLIDATED AIRLINES GROUP SA ORD EUR0.10 (CDI),uk stock,Y,GBX,,yfinance,Y,,,LSE : FTSE All-Share
CCL.L,CARNIVAL PLC ORD USD 1.66,uk stock,Y,GBX,,yfinance,Y,,,LSE : FTSE All-Share
SUS.L,S & U PLC ORD 12 1/2P,uk stock,Y,GBX,,yfinance,Y,,,LSE : FTSE All-Share
STEM.L,STHREE PLC ORD 1P,uk stock,Y,GBX,,yfinance,Y,,,LSE : FTSE All-Share
PDL.L,PETRA DIAMONDS LD ORD GBP0.0005 (DI),uk stock,Y,GBX,,yfinance,Y,,,LSE : FTSE All-Share
ICG.L,INTERMEDIATE CAPITAL GROUP PLC ORD 26 1/4P,uk stock,Y,GBX,,yfinance,Y,,,LSE : FTSE All-Share
JUSC.L,JPMORGAN US SMALLER CO. INV TST PLC ORD 2.5P,uk stock,Y,GBX,,yfinance,Y,,,LSE : FTSE All-Share
EZJ.L,EASYJET PLC ORD 27 2/7P,uk stock,Y,GBX,,yfinance,Y,,,LSE : FTSE All-Share
MCG.L,MOBICO GROUP PLC ORD 5P,uk stock,Y,GBX,,yfinance,Y,,,LSE : FTSE All-Share
THG.L,THG PLC ORD GBP0.005,uk stock,Y,GBX,,yfinance,Y,,,LSE : FTSE All-Share
APTD.L,APTITUDE SOFTWARE GROUP PLC ORD 7 1/3P,uk stock,Y,GBX,,yfinance,Y,,,LSE : FTSE All-Share
GROW.L,MOLTEN VENTURES PLC ORD GBP0.01,uk stock,Y,GBX,,yfinance,Y,,,LSE : FTSE All-Share
VANQ.L,VANQUIS BANKING GROUP PLC ORD 20 8/11P,uk stock,Y,GBX,,yfinance,Y,,,LSE : FTSE All-Share
MCB.L,MCBRIDE PLC ORD 10P,uk stock,Y,GBX,,yfinance,Y,,,LSE : FTSE All-Share
FXPO.L,FERREXPO PLC ORD 10P,uk stock,Y,GBX,,yfinance,Y,,,LSE : FTSE All-Share
OTB.L,ON THE BEACH GROUP PLC ORD 1P,uk stock,Y,GBX,,yfinance,Y,,,LSE : FTSE All-Share
TRI.L,TRIFAST PLC ORD 5P,uk stock,Y,GBX,,yfinance,Y,,,LSE : FTSE All-Share
PHAR.L,PHAROS ENERGY PLC ORD 5P,uk stock,Y,GBX,,yfinance,Y,,,LSE : FTSE All-Share
SHI.L,SIG PLC ORD 10P,uk stock,Y,GBX,,yfinance,Y,,,LSE : FTSE All-Share
WG.L,WOOD GROUP (JOHN) PLC ORD 4 2/7P,uk stock,Y,GBX,,yfinance,Y,,,LSE : FTSE All-Share
VIP.L,VALUE AND INDEXED PROP INC TRUST ORD 10P,uk stock,Y,GBX,,yfinance,Y,,,LSE : FTSE All-Share
VID.L,VIDENDUM PLC ORD 20P,uk stock,Y,GBX,,yfinance,Y,,,LSE : FTSE All-Share
ULTP.L,ULTIMATE PRODUCTS PLC ORDS 0.25P,uk stock,Y,GBX,,yfinance,Y,,,LSE : FTSE All-Share
UEM.L,UTILICO EMERGING MARKETS TRUST PLC ORD 1P,uk stock,Y,GBX,,yfinance,Y,,,LSE : FTSE All-Share
TFIF.L,TWENTYFOUR INCOME FUND LIMITED ORD RED 1P,uk stock,Y,GBX,,yfinance,Y,,,LSE : FTSE All-Share
SWEF.L,STARWOOD EUROPEAN REAL EST FIN LD ORD NPV,uk stock,Y,GBX,,yfinance,Y,,,LSE : FTSE All-Share
STS.L,STS GLOBAL INCOME & GROWTH TST PLC RED ORDS 1P,uk stock,Y,GBX,,yfinance,Y,,,LSE : FTSE All-Share
SST.L,SCOTTISH ORIENTAL SMLR CO TST PLC ORD 5P,uk stock,Y,GBX,,yfinance,Y,,,LSE : FTSE All-Share
SHRS.L,SHIRES INCOME PLC ORD 50P,uk stock,Y,GBX,,yfinance,Y,,,LSE : FTSE All-Share
SEC.L,STRATEGIC EQUITY CAPITAL PLC ORD 10P,uk stock,Y,GBX,,yfinance,Y,,,LSE : FTSE All-Share
SDP.L,SCHRODER ASIA PACIFIC FUND ORD 10P,uk stock,Y,GBX,,yfinance,Y,,,LSE : FTSE All-Share
SCF.L,SCHRODER INCOME GROWTH FUND PLC ORD 10P,uk stock,Y,GBX,,yfinance,Y,,,LSE : FTSE All-Share
RSE.L,RIVERSTONE ENERGY LIMITED ORD NPV,uk stock,Y,GBX,,yfinance,Y,,,LSE : FTSE All-Share
RIII.L,RIGHTS & ISSUES INV TST PLC ORD 25P,uk stock,Y,GBX,,yfinance,Y,,,LSE : FTSE All-Share
PSDL.L,PHOENIX SPREE DEUTSCHLAND LIMITED SHS NPV,uk stock,Y,GBX,,yfinance,Y,,,LSE : FTSE All-Share
PFC.L,PETROFAC LD ORD USD0.02,uk stock,Y,GBX,,yfinance,Y,,,LSE : FTSE All-Share
PCA.L,PALACE CAPITAL PLC ORD 10P,uk stock,Y,GBX,,yfinance,Y,,,LSE : FTSE All-Share
PAC.L,PACIFIC ASSETS TRUST PLC ORD 12.5P,uk stock,Y,GBX,,yfinance,Y,,,LSE : FTSE All-Share
OIG.L,ORYX INTERNATIONAL GROWTH FUND LD ORD 50P,uk stock,Y,GBX,,yfinance,Y,,,LSE : FTSE All-Share
MNL.L,MANCHESTER & LONDON INV TST PLC ORD 25P,uk stock,Y,GBX,,yfinance,Y,,,LSE : FTSE All-Share
LUCE.L,LUCECO PLC ORD GBP0.0005,uk stock,Y,GBX,,yfinance,Y,,,LSE : FTSE All-Share
JEMA.L,JPMORGAN EMERGING EMEA SECS PLC ORD 1P,uk stock,Y,GBX,,yfinance,Y,,,LSE : FTSE All-Share
JARA.L,JPMORGAN GLOBAL CORE REAL ASSETS LI ORD NPV,uk stock,Y,GBX,,yfinance,Y,,,LSE : FTSE All-Share
HEAD.L,HEADLAM GROUP PLC ORD 5P,uk stock,Y,GBX,,yfinance,Y,,,LSE : FTSE All-Share
FSJ.L,FISHER(JAMES)& SONS PLC ORD 25P,uk stock,Y,GBX,,yfinance,Y,,,LSE : FTSE All-Share
FEML.L,FIDELITY EMERGING MARKETS LIMITED PTG NPV,uk stock,Y,GBX,,yfinance,Y,,,LSE : FTSE All-Share
FAS.L,FIDELITY ASIAN VALUES PLC ORD 25P,uk stock,Y,GBX,,yfinance,Y,,,LSE : FTSE All-Share
CVCG.L,CVC INCOME & GROWTH LIMITED ORD NPV GBP,uk stock,Y,GBX,,yfinance,Y,,,LSE : FTSE All-Share
CTPE.L,CT PRIVATE EQUITY TRUST PLC ORD 1P,uk stock,Y,GBX,,yfinance,Y,,,LSE : FTSE All-Share
CNE.L,CAPRICORN ENERGY PLC ORD 799/122P,uk stock,Y,GBX,,yfinance,Y,,,LSE : FTSE All-Share
CLI.L,CLS HOLDINGS PLC ORD 2.5P,uk stock,Y,GBX,,yfinance,Y,,,LSE : FTSE All-Share
CHI.L,CT UK HIGH INCOME TRUST PLC ORD 0.1P,uk stock,Y,GBX,,yfinance,Y,,,LSE : FTSE All-Share
CCJI.L,CC JAPAN INCOME & GROWTH TRUST PLC ORD GBP0.01,uk stock,Y,GBX,,yfinance,Y,,,LSE : FTSE All-Share
BRAI.L,BLACKROCK AMERICAN INCOME TRUST PLC ORD 1P,uk stock,Y,GBX,,yfinance,Y,,,LSE : FTSE All-Share
BASC.L,BROWN ADVISORY US SMALLER CO'S PLC ORD 25P,uk stock,Y,GBX,,yfinance,Y,,,LSE : FTSE All-Share
AGVI.L,ABERFORTH GEARED VALUE & INCOME TRU ORD 1P,uk stock,Y,GBX,,yfinance,Y,,,LSE : FTSE All-Share